{
    "head_chest": -0.5510204081632653,
    "chest_hip": -0.8725490196078431,
    "heel-ham": -29,
    "elbow-shoulder": 1
}