{"head_chest":{"count":64.0,"mean":0.4837266653,"std":0.0998087199,"min":0.33,"25%":0.427250662,"50%":0.4604989605,"75%":0.4980913026,"max":0.7926829268},"chest_hip":{"count":64.0,"mean":0.8936244641,"std":0.0691162349,"min":0.7819905213,"25%":0.8298592477,"50%":0.8816700265,"75%":0.9450292001,"max":1.0284090909},"heel-ham":{"count":64.0,"mean":25.171875,"std":14.2612302587,"min":-23.0,"25%":16.0,"50%":22.5,"75%":31.75,"max":60.0},"elbow-shoulder":{"count":64.0,"mean":28.375,"std":20.1844667607,"min":-12.0,"25%":13.75,"50%":31.0,"75%":44.0,"max":77.0}}